id_transaccion,cliente_id,nombre_cliente,fecha,tipo,monto,moneda,ciudad,canal,estado
TX-0001,CLI-001,Ana María Gómez,2026-09-01,COMPRA,125000,COP,Medellín,APP,APROBADA
TX-0002,CLI-002,Carlos Restrepo,2026-09-01,TRANSFERENCIA,850000,COP,Bogotá,WEB,APROBADA
TX-0003,CLI-003,Luisa Fernanda Ruiz,2026-09-02,RETIRO,200000,COP,Cali,CAJERO,APROBADA
TX-0004,CLI-001,Ana María Gómez,2026-09-02,COMPRA,48000,COP,Medellín,APP,APROBADA
TX-0005,CLI-004,Jorge Andrés Mejía,2026-09-03,PAGO_SERVICIO,132500,COP,Barranquilla,APP,APROBADA
TX-0006,CLI-005,Valentina Cardona,2026-09-03,COMPRA,2300000,COP,Medellín,WEB,RECHAZADA
TX-0007,CLI-002,Carlos Restrepo,2026-09-04,COMPRA,67900,COP,Bogotá,APP,APROBADA
TX-0008,CLI-006,Santiago Herrera,2026-09-04,TRANSFERENCIA,1500000,COP,Bucaramanga,WEB,APROBADA
TX-0009,CLI-003,Luisa Fernanda Ruiz,2026-09-05,COMPRA,15900,COP,Cali,APP,APROBADA
TX-0010,CLI-007,Camila Torres,2026-09-05,RETIRO,400000,COP,Cartagena,CAJERO,APROBADA
TX-0011,CLI-001,Ana María Gómez,2026-09-06,TRANSFERENCIA,320000,COP,Medellín,APP,APROBADA
TX-0012,CLI-008,Andrés Felipe Zapata,2026-09-06,COMPRA,899000,COP,Pereira,WEB,PENDIENTE
TX-0013,CLI-004,Jorge Andrés Mejía,2026-09-07,COMPRA,25000,COP,Barranquilla,APP,APROBADA
TX-0014,CLI-009,Mariana López,2026-09-07,PAGO_SERVICIO,98700,COP,Manizales,WEB,APROBADA
TX-0015,CLI-005,Valentina Cardona,2026-09-08,COMPRA,156000,COP,Medellín,APP,APROBADA
TX-0016,CLI-010,Daniel Ospina,2026-09-08,TRANSFERENCIA,5000000,COP,Bogotá,WEB,RECHAZADA
TX-0017,CLI-002,Carlos Restrepo,2026-09-09,RETIRO,300000,COP,Bogotá,CAJERO,APROBADA
TX-0018,CLI-006,Santiago Herrera,2026-09-09,COMPRA,42500,COP,Bucaramanga,APP,APROBADA
TX-0019,CLI-007,Camila Torres,2026-09-10,PAGO_SERVICIO,210000,COP,Cartagena,APP,APROBADA
TX-0020,CLI-001,Ana María Gómez,2026-09-10,COMPRA,78000,COP,Medellín,WEB,APROBADA
TX-0021,CLI-003,Luisa Fernanda Ruiz,2026-09-11,TRANSFERENCIA,620000,COP,Cali,APP,APROBADA
TX-0022,CLI-008,Andrés Felipe Zapata,2026-09-11,COMPRA,33000,COP,Pereira,APP,APROBADA
TX-0023,CLI-009,Mariana López,2026-09-12,RETIRO,150000,COP,Manizales,CAJERO,APROBADA
TX-0024,CLI-010,Daniel Ospina,2026-09-12,COMPRA,1250000,COP,Bogotá,WEB,APROBADA
TX-0025,CLI-004,Jorge Andrés Mejía,2026-09-13,TRANSFERENCIA,275000,COP,Barranquilla,APP,APROBADA
TX-0026,CLI-005,Valentina Cardona,2026-09-13,PAGO_SERVICIO,64300,COP,Medellín,APP,APROBADA
TX-0027,CLI-002,Carlos Restrepo,2026-09-14,COMPRA,189000,COP,Bogotá,APP,PENDIENTE
TX-0028,CLI-006,Santiago Herrera,2026-09-14,RETIRO,500000,COP,Bucaramanga,CAJERO,APROBADA
TX-0029,CLI-007,Camila Torres,2026-09-15,COMPRA,99900,COP,Cartagena,WEB,APROBADA
TX-0030,CLI-001,Ana María Gómez,2026-09-15,PAGO_SERVICIO,145000,COP,Medellín,APP,APROBADA
